"Cust ID","Customer Group","Customer","Unit ID","Active","Status","Type","Template","Number","Fleet #","Unit External ID","Nickname","License Plate","VIN","Year","Make","Model","Miles","Engine Year","Engine Make","Engine Model","Engine Serial #","Tire Size","Track Preventive Maintenance","Primary Location","Driver Contact","Access Method","Access Windows"
"2251078","No customer group","WOLVERINE PACKING KL","4484599","Yes","Confirmed","Trailer","",="",="","","","",="","","GREAT DANE","TRAILER","0","","","","","","Yes",""," ","Customer will bring unit to the shop",""
"2251078","No customer group","WOLVERINE PACKING KL","4484600","Yes","Confirmed","Trailer","",="",="","","","",="","","GREAT DANE","TRAILER","0","","","","","","Yes",""," ","Customer will bring unit to the shop",""
"2251078","No customer group","WOLVERINE PACKING KL","4485376","Yes","Confirmed","Tractor","",="",="","","","RA54897",="1XKDD49X7EJ392252","2014","Kenworth","T800","410573.00","","","","","","Yes",""," ","",""
"2251078","No customer group","WOLVERINE PACKING KL","4485631","Yes","Confirmed","Tractor","",="",="","","","",="","2019","PETERBUILT","","0","","","","","","Yes",""," ","",""
"2251078","No customer group","WOLVERINE PACKING KL","4485650","Yes","Confirmed","Misc.","",="",="","","","",="","","PRODUCT","","111111.00","","","","","","Yes",""," ","",""
"2251078","No customer group","WOLVERINE PACKING KL","4486710","Yes","Confirmed","Trailer","",="",="","","","",="","","UTILITY","TRAILER","0.00","","","","","","Yes",""," ","Customer will bring unit to the shop",""
"2251078","No customer group","WOLVERINE PACKING KL","4486839","Yes","Confirmed","Misc.","",="",="","","","",="","","","CONTINENTAL EXPRESS","0","","","","","","Yes",""," ","",""
"2251078","No customer group","WOLVERINE PACKING KL","4486840","Yes","Confirmed","Misc.","",="",="","","","",="","","","CONTINENTAL EXPRESS","0","","","","","","Yes",""," ","",""
"2251078","No customer group","WOLVERINE PACKING KL","4486868","Yes","Confirmed","Misc.","",="",="","","","D406152",="","","","PRAIRIE PRIDE","0","","","","","","Yes",""," ","",""
"2251078","No customer group","WOLVERINE PACKING KL","4486869","Yes","Confirmed","Misc.","",="",="","","","",="","","","PRAIRIE PRIDE","0","","","","","","Yes",""," ","",""
"2251078","No customer group","WOLVERINE PACKING KL","4486885","Yes","Confirmed","Equipment","",="",="","","","",="","","","SWITCHER","0","","","","","","Yes",""," ","",""
"2251078","No customer group","WOLVERINE PACKING KL","4487051","Yes","Confirmed","Trailer","",="",="","","","",="","2006","","TRAILER","0","","","","","","Yes",""," ","Customer will bring unit to the shop",""
"2251078","No customer group","WOLVERINE PACKING KL","4487249","Yes","Confirmed","Misc.","",="",="","","","R608292",="","","","","0","","","","","","Yes",""," ","",""
"2251078","No customer group","WOLVERINE PACKING KL","5337240","Yes","Confirmed","Misc.","",="",="","2251078-5295","","",="2D1SC0UNT","","","","0.00","","","","","","Yes",""," ","",""
"2251078","No customer group","WOLVERINE PACKING KL","4485496","No","Confirmed","Equipment","",="104",="","","","",="","2007","OTTOWA","SWITCHER","0","","","","","","No",""," ","Customer will bring unit to the shop",""
"2251078","No customer group","WOLVERINE PACKING KL","4485222","Yes","Confirmed","Switcher","",="109",="","","Retirement Date 12/25","",="11VJ813A6KA000613","2019","KALMAR","SWITCHER","61680.00","","CUMMINS","6.7LTR","74504601","","Yes",""," ","Customer will bring unit to the shop",""
"2251078","No customer group","WOLVERINE PACKING KL","4483319","Yes","Confirmed","Switcher","",="110",="","","Retirement Date 12/25","",="11VJ813E3GA000501","2015","","T2","69408.00","","","","73895810","","Yes",""," ","Customer will bring unit to the shop",""
"2251078","No customer group","WOLVERINE PACKING KL","4485482","Yes","Confirmed","Switcher","",="111",="FRAME # 358949","","","",="11VJ813A1NA000085","2022","Kalmar","OTTAWA T2","36102.00","","","B Series","74875677","","Yes",""," ","Customer will bring unit to the shop",""
"2251078","No customer group","WOLVERINE PACKING KL","5054051","Yes","Confirmed","Switcher","",="112",="","","","",="ZZVJ813A9PA000936","2023","KALAMAR","OTTAWA T2","20624.00","","CUMMINS 6.7","","99121295","","Yes",""," ","Customer will bring unit to the shop",""
"2251078","No customer group","WOLVERINE PACKING KL","6125441","Yes","Confirmed","Switcher","",="113",="","","","",="11VJ813A6JA001050","2018","Kalmar","OTTAWA T2","20320.00","","","B Series","74354976","","Yes",""," ","Customer will bring unit to the shop",""
"2251078","No customer group","WOLVERINE PACKING KL","7704329","Yes","Confirmed","Tractor","",="114",="","","","",="11VJ813A2JA001286","2018","Kalmar","OTTAWA T2","16320.00","","","B Series","","","Yes","2535 Rivard, Detroit, MI 48207"," ","Customer will bring unit to the shop",""
"2251078","No customer group","WOLVERINE PACKING KL","6916045","Yes","Confirmed","Trailer","",="11518",="","","","",="1GRAA0622JB704206","1988","Great Dane Trailers","Great Dane Trailers","0.00","","","","","","Yes",""," ","Customer will bring unit to the shop",""
"2251078","No customer group","WOLVERINE PACKING KL","4486763","No","Confirmed","Trailer","",="12113",="","","","",="","","WABASH","K&B TRAILER","0","","","","","","No",""," ","Customer will bring unit to the shop",""
"2251078","No customer group","WOLVERINE PACKING KL","6725964","Yes","New","Trailer","",="12519",="","","","D848064",="","","GREAT DANE","","0.00","","","","","","Yes",""," ","Customer will bring unit to the shop",""
"2251078","No customer group","WOLVERINE PACKING KL","4485059","Yes","Confirmed","Tractor","",="201",="","","NEW HYDE TRUCK","BA67250",="1HSHBADN8YH307929","2000","International","8100","181700.00","","","International DT530E Diamond Logic Controller 6 CYL","001209426","","Yes",""," ","Customer will bring unit to the shop",""
"2251078","No customer group","WOLVERINE PACKING KL","5337175","Yes","Confirmed","Tractor","",="205",="","2251078-6","","BA89997",="1XKDD49X0AJ263411","2010","Kenworth","T800","641244.00","","CUMMINS ISX15 CM2250","","","","Yes",""," ","",""
"2251078","No customer group","WOLVERINE PACKING KL","5337176","Yes","Confirmed","Tractor","",="2146",="","2251078-4","","RA68520",="1XKDD49X6EJ392257","2014","KENWORTH","T800","490683.00","","79643765","","","","Yes",""," ","",""
"2251078","No customer group","WOLVERINE PACKING KL","4485372","Yes","Confirmed","Tractor","",="2151",="","","","RA41493",="1XKDD49X0FJ434259","2015","Kenworth","T800","446784.00","","","Cummins ISX15 CM2350 6 CYL","79730950","","Yes",""," ","",""
"2251078","No customer group","WOLVERINE PACKING KL","4485377","Yes","Confirmed","Tractor","",="2152",="","","","RA41494",="1XKDD49X7FJ434260","2015","KENWORTH","T800","460269.00","","","","79730949","","Yes",""," ","",""
"2251078","No customer group","WOLVERINE PACKING KL","4485378","Yes","Confirmed","Tractor","",="2153",="","","","RA41495",="1XKDD49X9FJ434261","2015","KENWORTH","T800","235642.17","","","","79731280","","Yes",""," ","",""
"2251078","No customer group","WOLVERINE PACKING KL","4485373","Yes","Confirmed","Tractor","",="2154",="","","","RA41496",="1XKDD49X0FJ434262","2015","Kenworth","T800","430940.00","","","CUMMINS ISX15 CM2350","79731281","","Yes",""," ","",""
"2251078","No customer group","WOLVERINE PACKING KL","4485374","Yes","Confirmed","Tractor","",="2155",="","","","RB12292",="1XKDD49X2FJ434263","2015","Kenworth","T800","0","","","","","","Yes",""," ","",""
"2251078","No customer group","WOLVERINE PACKING KL","4485375","Yes","Confirmed","Tractor","",="2156",="","","","RB12293",="1XKDD49X4FJ434264","2015","Kenworth","T800","404854.00","","","Cummins ISX15 CM2350 6 CYL","79730950","","Yes",""," ","",""
"2251078","No customer group","WOLVERINE PACKING KL","4484015","Yes","Confirmed","Tractor","",="2161",="","","Retirement Date 12/25","RA73097",="3AKJGEDV0GSHB3102","2016","Freightliner","Cascadia - 125","515883.47","","","Detroit Diesel DD13 DDEC 13 6 CYL","471927S0329152","","Yes",""," ","Customer will bring unit to the shop",""
"2251078","No customer group","WOLVERINE PACKING KL","4484016","Yes","Confirmed","Tractor","",="2162",="","","Retirement Date 12/26","RA68521",="3AKJGEDV2GSHB3103","2016","Freightliner","Cascadia - 125","494792.62","","DETROIT DIESEL","DETROIT DIESEL DD13 DDEC 13","471927S0328535","","Yes",""," ","Customer will bring unit to the shop",""
"2251078","No customer group","WOLVERINE PACKING KL","4484018","Yes","Confirmed","Tractor","",="2163",="","","Retirement Date 12/26","RA60841",="3AKJGEDV4GSHB3104","2016","Freightliner","Cascadia - 125","587421.70","","","Detroit Diesel DD13 DDEC 13 6 CYL","471927S0328907","","Yes",""," ","Customer will bring unit to the shop",""
"2251078","No customer group","WOLVERINE PACKING KL","4484019","Yes","Confirmed","Tractor","",="2164",="","","Retirement Date 12/26","RA05300",="3AKJGEDV6GSHB3105","2016","Freightliner","Cascadia - 125","526819.50","","","DETROIT DIESEL DD13 DDEC 13","471927S0328549","","Yes",""," ","Customer will bring unit to the shop",""
"2251078","No customer group","WOLVERINE PACKING KL","4484020","Yes","Confirmed","Tractor","",="2165",="","","Retirement Date 12/25","RA70834",="3AKJGEDV8GSHB3106","2016","Freightliner","Cascadia - 125","565152.06","","","Detroit Diesel DD13 DDEC 13","471927S0329138","","Yes",""," ","Customer will bring unit to the shop",""
"2251078","No customer group","WOLVERINE PACKING KL","4484021","Yes","Confirmed","Tractor","",="2166",="","","Retirement Date 12/25","RB27490",="3AKJGEDVXGSHB3107","2016","Freightliner","Cascadia - 125","505321.34","","","Detroit Diesel DD13 DDEC 13","","","Yes",""," ","Customer will bring unit to the shop",""
"2251078","No customer group","WOLVERINE PACKING KL","4483982","Yes","Confirmed","Tractor","",="2171",="","","","RB58731",="1FUJGEDV8HLJA3183","2017","Freightliner","Cascadia","508581.78","","","Detroit Diesel DD13 DDEC 13 (GHG17) 6 CYL","471928S0422952","","Yes",""," ","Customer will bring unit to the shop",""
"2251078","No customer group","WOLVERINE PACKING KL","4483983","Yes","Confirmed","Tractor","",="2172",="","","Retirement Date 12/25","RA05307",="1FUJGEDVXHLJA3184","2017","Freightliner","Cascadia","448134.53","","","Detroit Diesel DD13 DDEC 13 (GHG17) 6 CYL","471928S0422953","","Yes",""," ","Customer will bring unit to the shop",""
"2251078","No customer group","WOLVERINE PACKING KL","4483978","Yes","Confirmed","Tractor","",="2173",="","","","RA74827",="1FUJGEDV1HLJA3185","2017","Freightliner","Cascadia","503578.60","","","Detroit Diesel DD13 DDEC 13 (GHG17) 6 CYL","","","Yes",""," ","Customer will bring unit to the shop",""
"2251078","No customer group","WOLVERINE PACKING KL","4483979","Yes","Confirmed","Tractor","",="2174",="","","Retirement Date 06/26","RA05308",="1FUJGEDV3HLJA3186","2017","Freightliner","Cascadia","511262.10","2017","DETROIT DIESEL ENGINE","DD13 DDEC 13 (GHG17) 6 CYL","471928S0422955","","Yes",""," ","Customer will bring unit to the shop",""
"2251078","No customer group","WOLVERINE PACKING KL","4483980","Yes","Confirmed","Tractor","",="2175",="","","","RA05309",="1FUJGEDV5HLJA3187","2017","Freightliner","Cascadia","430226.50","","","Detroit Diesel DD13 DDEC 13 (GHG17) 6 CYL","471928S0422373","","Yes",""," ","Customer will bring unit to the shop",""
"2251078","No customer group","WOLVERINE PACKING KL","4483981","Yes","Confirmed","Tractor","",="2176",="","","","RB40125",="1FUJGEDV7HLJA3188","2017","Freightliner","Cascadia","392272.62","","","Detroit Diesel DD13 DDEC 13 (GHG17)","","","Yes",""," ","Customer will bring unit to the shop",""
"2251078","No customer group","WOLVERINE PACKING KL","4483985","Yes","Confirmed","Tractor","",="2181",="","","","RA05306",="3AKJGEDV3JSJR3244","2018","Freightliner","Cascadia","391256.22","","","Detroit Diesel DD13 DDEC 13 (GHG17) 6 CYL","471928S0485926","","Yes",""," ","Customer will bring unit to the shop",""
"2251078","No customer group","WOLVERINE PACKING KL","4483987","Yes","Confirmed","Truck","",="2182",="","","Retirement Date 12/26","RA05310",="3AKJGEDV5JSJR3245","2018","Freightliner","Cascadia","534737.20","","","Detroit Diesel DD13 DDEC 13 (GHG17) 6 CYL","","","Yes",""," ","Customer will bring unit to the shop",""
"2251078","No customer group","WOLVERINE PACKING KL","4483988","Yes","Confirmed","Tractor","",="2183",="","","","RA05311",="3AKJGEDV7JSJR3246","2018","Freightliner","Cascadia","451799.12","","","Detroit Diesel DD13 DDEC 13 (GHG17) 6 CYL","","","Yes",""," ","",""
"2251078","No customer group","WOLVERINE PACKING KL","4483989","Yes","Confirmed","Tractor","",="2184",="","","","RB51535",="3AKJGEDV9JSJR3247","2018","Freightliner","Cascadia","501504.72","","","Detroit Diesel DD13 DDEC 13 (GHG17) 6 CYL","471928S0485931","","Yes",""," ","",""
"2251078","No customer group","WOLVERINE PACKING KL","4483984","Yes","Confirmed","Tractor","",="2185",="","","Retirement Date 12/25","RB51536",="3AKJGEDV0JSJR3248","2018","Freightliner","Cascadia","40161.61","","","Detroit Diesel DD13 DDEC 13 (GHG17) 6 CYL","","","Yes",""," ","Customer will bring unit to the shop",""
"2251078","No customer group","WOLVERINE PACKING KL","4484017","Yes","Confirmed","Tractor","",="2186",="","","Retirement Date 12/25","RB51537",="3AKJGEDV2JSJR3249","2018","Freightliner","Cascadia - 125","668962.80","","","Detroit Diesel DD13 DDEC 13 (GHG17) 6 CYL","471928S0485927","","Yes",""," ","Customer will bring unit to the shop",""
"2251078","No customer group","WOLVERINE PACKING KL","4483990","Yes","Confirmed","Tractor","",="2201",="","","","",="3AKJGEDV9LDLM9195","2020","Freightliner","Cascadia","473793.20","","","Detroit Diesel DD13 DDEC 13 (GHG17) 6 CYL","471928S0708500","","Yes",""," ","",""
"2251078","No customer group","WOLVERINE PACKING KL","4484000","Yes","Confirmed","Tractor","",="2202",="","","","",="3AKJGEDV0LDLM9196","2020","Freightliner","Cascadia","332045.90","","","Detroit Diesel DD13 DDEC 13 (GHG17) 6 CYL","471928S0708923","","Yes",""," ","",""
"2251078","No customer group","WOLVERINE PACKING KL","5337287","Yes","Confirmed","Tractor","",="2203",="","2251078-2545","","",="3AKJGEDV2LDLM9197","2020","Freightliner","Cascadia - 125","582656.60","","Detroit Diesel DD13 DDEC 13 (GHG17) 6 CYL","Detroit Diesel DD13 DDEC 13 (GHG17) 6 CYL","","","Yes",""," ","",""
"2251078","No customer group","WOLVERINE PACKING KL","4483986","Yes","Confirmed","Tractor","",="2204",="","","","",="3AKJGEDV4LDLM9198","2020","Freightliner","Cascadia","319546.97","","","Detroit Diesel DD13 DDEC 13 (GHG17) 6 CYL","471928S0708920","","Yes",""," ","",""
"2251078","No customer group","WOLVERINE PACKING KL","4483992","Yes","Confirmed","Tractor","",="2205",="","","","",="3AKJGEDV6LDLM9199","2020","Freightliner","Cascadia","454045.40","","","Detroit Diesel DD13 DDEC 13 (GHG17) 6 CYL","","","Yes",""," ","Customer will bring unit to the shop",""
"2251078","No customer group","WOLVERINE PACKING KL","4483993","Yes","Confirmed","Tractor","",="2206",="","","","",="3AKJGEDV9LDLM9200","2020","Freightliner","Cascadia","476985.80","","","Detroit Diesel DD13 DDEC 13 (GHG17) 6 CYL","471928S0709286","","Yes",""," ","Customer will bring unit to the shop",""
"2251078","No customer group","WOLVERINE PACKING KL","4483674","Yes","Confirmed","Truck","",="221",="","","","AA67868",="3FRNF7FC1BV453765","2011","Ford","F Series - F750SD","236556.00","","","CUMMINS ISB6.7 CM2250","73169433","","Yes",""," ","Customer will bring unit to the shop",""
"2251078","No customer group","WOLVERINE PACKING KL","4485637","No","Confirmed","Trailer","",="2212",="","","","",="1GRAA9621FB701129","","POPNJONNY","TRAILER","0","","","","","","No",""," ","Customer will bring unit to the shop",""
"2251078","No customer group","WOLVERINE PACKING KL","5881292","Yes","Confirmed","Truck","",="222",="","","","",="3ALHCYCY2HDJC2758","2017","Freightliner","M2","223180.34","","","Cummins ISL 8.9L L6 DIESEL","73997692","","Yes",""," ","Customer will bring unit to the shop",""
"2251078","No customer group","WOLVERINE PACKING KL","4484027","Yes","Confirmed","Tractor","",="2221",="","","","",="3AKJHLDV3NDNF0865","2022","Freightliner","Cascadia - 126","308967.62","","","Detroit Diesel DD13 DDEC 13 (GHG21) 6 CYL","471928S0864073","","Yes",""," ","",""
"2251078","No customer group","WOLVERINE PACKING KL","4484028","Yes","Confirmed","Tractor","",="2222",="","","Pittsburgh Truck","",="3AKJHLDV5NDNF0866","2022","Freightliner","Cascadia - 126","272111.53","","","Detroit Diesel DD13 DDEC 13 (GHG21) 6 CYL","","","Yes",""," ","Customer will bring unit to the shop",""
"2251078","No customer group","WOLVERINE PACKING KL","4484029","Yes","Confirmed","Tractor","",="2223",="","","","",="3AKJHLDV7NDNF0867","2022","Freightliner","Cascadia - 126","374025.75","","","Detroit Diesel DD13 DDEC 13 (GHG21) 6 CYL","","","Yes",""," ","",""
"2251078","No customer group","WOLVERINE PACKING KL","4484030","Yes","Confirmed","Tractor","",="2224",="","","","",="3AKJHLDV9NDNF0868","2022","Freightliner","Cascadia","367735.60","","","Detroit Diesel DD13 DDEC 13 (GHG21) 6 CYL","","","Yes",""," ","",""
"2251078","No customer group","WOLVERINE PACKING KL","4484031","Yes","Confirmed","Tractor","",="2225",="","","","RC05534",="3AKJHLDV0NDNF0869","2022","Freightliner","Cascadia","223434.60","","","Detroit Diesel DD13 DDEC 13 (GHG21) 6 CYL","","","Yes",""," ","Customer will bring unit to the shop",""
"2251078","No customer group","WOLVERINE PACKING KL","4484032","Yes","Confirmed","Tractor","",="2226",="","","","",="3AKJHLDV7NDNF0870","2022","Freightliner","Cascadia - 126","311995.47","","","Detroit Diesel DD13 DDEC 13 (GHG21) 6 CYL","","","Yes",""," ","",""
"2251078","No customer group","WOLVERINE PACKING KL","7611687","Yes","Confirmed","Truck","Light",="223",="","","","",="3ALHCYFE4KDLM1802","2019","Freightliner","M2","240156.00","","","Cummins L9","","","Yes","2535 Rivard, Detroit, MI 48207"," ","Customer will bring unit to the shop",""
"2251078","No customer group","WOLVERINE PACKING KL","4484350","Yes","Confirmed","Tractor","",="2231",="","","","",="3AKJHLDV6PDUG7692","2023","Freightliner","Cascadia","201051.11","","","Detroit Diesel DD13 DDEC 13 (GHG21) 6 CYL","","","Yes",""," ","Customer will bring unit to the shop",""
"2251078","No customer group","WOLVERINE PACKING KL","4484033","Yes","Confirmed","Tractor","",="2232",="","","","",="3AKJHLDV8PDUG7693","2023","Freightliner","Cascadia - 126","248360.67","","","Detroit Diesel DD13 DDEC 13 (GHG21) 6 CYL","","","Yes",""," ","",""
"2251078","No customer group","WOLVERINE PACKING KL","4484026","Yes","Confirmed","Tractor","",="2233",="","2251078-3830","","",="3AKJHLDVXPDUG7694","2023","Freightliner","Cascadia","245822.08","","Detroit Diesel DD13 DDEC 13 (GHG21) 6 CYL","Detroit DD13","471952S0971829","","Yes",""," ","",""
"2251078","No customer group","WOLVERINE PACKING KL","4483994","Yes","Confirmed","Tractor","",="2234",="","","","",="3AKJHLDV1PDUG7695","2023","FREIGHTLINER","CASCADIA","288107.66","","","Detroit Diesel DD13 DDEC 13 (GHG21) 6 CYL","471952S0971897","","Yes",""," ","",""
"2251078","No customer group","WOLVERINE PACKING KL","5881270","Yes","Confirmed","Tractor","",="2241",="","","","",="1FUJGEDVXHLJG9539","2017","Freightliner","Cascadia 125","332514.44","","","12.8L L6 DIESEL","","","Yes",""," ","Customer will bring unit to the shop",""
"2251078","No customer group","WOLVERINE PACKING KL","5881277","Yes","Confirmed","Tractor","",="2242",="","","","",="3AKJGEDV0HSJG9876","2017","Freightliner","Cascadia 125","168318.02","","","12.8L L6 DIESEL","","","Yes",""," ","Customer will bring unit to the shop",""
"2251078","No customer group","WOLVERINE PACKING KL","5881281","Yes","Confirmed","Tractor","",="2243",="","","","",="1FUJGEDV8HLJG9541","2017","Freightliner","Cascadia","385134.25","","","Detroit DD13 12.8L L6 DIESEL","471928S0458188","","Yes",""," ","Customer will bring unit to the shop",""
"2251078","No customer group","WOLVERINE PACKING KL","7493253","Yes","Confirmed","Tractor","Freightliner",="2251",="","","","17312V",="1FUJHLDR5KLLC9242","2019","Freightliner","Cascadia","275534.62","","","Detroit Diesel DD15","","","Yes","2535 Rivard, Detroit, MI 48207"," ","Customer will bring unit to the shop",""
"2251078","No customer group","WOLVERINE PACKING KL","7481357","Yes","Confirmed","Tractor","",="2252",="","","","",="1FUJHLDV0KLKH2655","2019","Freightliner","Cascadia","214053.02","","","Detroit DD13","471928S0575884","","Yes","2535 Rivard, Detroit, MI 48207"," ","Customer will bring unit to the shop",""
"2251078","No customer group","WOLVERINE PACKING KL","4486563","No","Confirmed","Trailer","",="3034",="","","","",="","2009","UTILITY","53 REFER TRAILER","0","","","","","","No",""," ","Customer will bring unit to the shop",""
"2251078","No customer group","WOLVERINE PACKING KL","5076876","Yes","Confirmed","Trailer","",="307",="","","","E621144",="1UYVS25368M233210VS2RA","2008","Utility Trailer Manufacturer","Utility Trailer Manufacturer","0.00","","","","","","Yes",""," ","Customer will bring unit to the shop",""
"2251078","No customer group","WOLVERINE PACKING KL","5337637","Yes","Confirmed","Misc.","",="346",="","2251078-3537","","",="SURETY","","OTTAWA","","0","","","","","","Yes",""," ","",""
"2251078","No customer group","WOLVERINE PACKING KL","5337274","Yes","Confirmed","Misc.","",="353976",="","2251078-3419","","",="353976","","SWITCHER","","8817.00","","","","","","Yes",""," ","",""
"2251078","No customer group","WOLVERINE PACKING KL","5336974","Yes","Confirmed","Misc.","",="525",="","2251078-3552","","PAR7080",="1B1","","","","846482.00","","","","","","Yes",""," ","",""
"2251078","No customer group","WOLVERINE PACKING KL","4487050","No","Confirmed","Trailer","",="5306",="","","","",="","","","trailer","0","","","","","","No",""," ","Customer will bring unit to the shop",""
"2251078","No customer group","WOLVERINE PACKING KL","5337705","Yes","Confirmed","Trailer","",="53433",="","2251078-2954","","",="ZE1TNER","","","TRAILER","0","","","","","","Yes",""," ","Customer will bring unit to the shop",""
"2251078","No customer group","WOLVERINE PACKING KL","5337340","Yes","Confirmed","Trailer","",="53500",="","2251078-3602","","",="53500","","","TRAILER","0","","","","","","Yes",""," ","Customer will bring unit to the shop",""
"2251078","No customer group","WOLVERINE PACKING KL","4486703","Yes","Confirmed","Trailer","",="645",="","","","A634480",="1UYVS248XLU243907","1990","UTILITY","TRAILER","0","","","","","","Yes",""," ","Customer will bring unit to the shop",""
"2251078","No customer group","WOLVERINE PACKING KL","5279257","No","Confirmed","Trailer","Reefer",="645R",="","","","",="","","","","0","","","","","","Yes",""," ","Customer will bring unit to the shop",""
"2251078","No customer group","WOLVERINE PACKING KL","5279265","No","Confirmed","Trailer","Reefer",="653R",="","","","",="","","","","0","","","","","","Yes",""," ","Customer will bring unit to the shop",""
"2251078","No customer group","WOLVERINE PACKING KL","5279271","No","Confirmed","Trailer","Reefer",="655R",="","","","",="","","","","0","","","","","","Yes",""," ","Customer will bring unit to the shop",""
"2251078","No customer group","WOLVERINE PACKING KL","5279275","No","Confirmed","Trailer","Reefer",="656R",="","","","",="","","","","0","","","","","","Yes",""," ","Customer will bring unit to the shop",""
"2251078","No customer group","WOLVERINE PACKING KL","5716887","Yes","Confirmed","Truck","",="66095",="","","","",="","","","","0.00","","","","","","Yes",""," ","Customer will bring unit to the shop",""
"2251078","No customer group","WOLVERINE PACKING KL","5595013","Yes","Confirmed","Trailer","",="662351",="","","","",="1UYVS2535CM317916","2012","Utility Trailer Manufacturer","Utility Trailer Manufacturer","0.00","","","","","","Yes",""," ","Customer will bring unit to the shop",""
"2251078","No customer group","WOLVERINE PACKING KL","5280441","No","Confirmed","Trailer","Reefer",="684R",="","","","",="","","","","0","","","","","","Yes",""," ","Customer will bring unit to the shop",""
"2251078","No customer group","WOLVERINE PACKING KL","4486712","Yes","Confirmed","Trailer","",="686",="","","","B043176",="1UYVS23665M431102","2005","UTILITY","TRAILER VS2RA","0.00","","","","","","Yes",""," ","Customer will bring unit to the shop",""
"2251078","No customer group","WOLVERINE PACKING KL","5279278","No","Confirmed","Trailer","Reefer",="686R",="","","","",="","","","","0","","","","","","Yes",""," ","Customer will bring unit to the shop",""
"2251078","No customer group","WOLVERINE PACKING KL","4486623","Yes","Confirmed","Trailer","",="688",="","","","B043178",="1UYVS236X5M431104","2005","UTILITY","TRAILER","0","","","","","","Yes",""," ","Customer will bring unit to the shop",""
"2251078","No customer group","WOLVERINE PACKING KL","5279284","No","Confirmed","Trailer","Reefer",="688R",="","","","",="","","","","0","","","","","","Yes",""," ","Customer will bring unit to the shop",""
"2251078","No customer group","WOLVERINE PACKING KL","4486622","Yes","Confirmed","Trailer","",="689",="","","","B043179",="1UYVS23615B431105","2005","UTILITY","TRAILER","0","","","","","","Yes",""," ","Customer will bring unit to the shop",""
"2251078","No customer group","WOLVERINE PACKING KL","5279341","No","Confirmed","Trailer","Reefer",="689R",="","","","",="","","","","0","","","","","","Yes",""," ","Customer will bring unit to the shop",""
"2251078","No customer group","WOLVERINE PACKING KL","4486663","Yes","Confirmed","Trailer","",="691",="","","","B902919",="1UYVS24866M805001","2006","UTILITY","TRAILER","0.00","","","","","","Yes",""," ","Customer will bring unit to the shop",""
"2251078","No customer group","WOLVERINE PACKING KL","5279346","No","Confirmed","Trailer","Reefer",="691R",="","","","",="","","","","0","","","","","","Yes",""," ","Customer will bring unit to the shop",""
"2251078","No customer group","WOLVERINE PACKING KL","4486675","Yes","Confirmed","Trailer","Utility",="692",="","","","C076813",="1UYVS24886M805002","2006","UTILITY","TRAILER","0.00","","","","","","Yes",""," ","Customer will bring unit to the shop",""
"2251078","No customer group","WOLVERINE PACKING KL","5279350","No","Confirmed","Trailer","Reefer",="692R",="","","","",="","","","","0","","","","","","Yes",""," ","Customer will bring unit to the shop",""
"2251078","No customer group","WOLVERINE PACKING KL","4486697","Yes","Confirmed","Trailer","",="693",="","","","B725409",="1UYVS248X6M805003","2006","UTILITY","TRAILER","0","","","","","","Yes",""," ","Customer will bring unit to the shop",""
"2251078","No customer group","WOLVERINE PACKING KL","5279355","No","Confirmed","Trailer","Reefer",="693R",="","","","",="","","","","0","","","","","","Yes",""," ","Customer will bring unit to the shop",""
"2251078","No customer group","WOLVERINE PACKING KL","4486633","Yes","Confirmed","Trailer","",="694",="","","","D040210",="1UYVS24816M805004","2006","UTILITY","TRAILER","0","","","","","","Yes",""," ","Customer will bring unit to the shop",""
"2251078","No customer group","WOLVERINE PACKING KL","4486645","Yes","Confirmed","Trailer","",="695",="","","","D040211",="1UYVS24836M805005","2006","UTILITY","TRAILER","0.00","","","","","","Yes",""," ","Customer will bring unit to the shop",""
"2251078","No customer group","WOLVERINE PACKING KL","5279365","No","Confirmed","Trailer","Reefer",="695R",="","","","",="","","","","0","","","","","","Yes",""," ","Customer will bring unit to the shop",""
"2251078","No customer group","WOLVERINE PACKING KL","5279372","No","Confirmed","Trailer","Reefer",="696R",="","","","",="","","","","0","","","","","","Yes",""," ","Customer will bring unit to the shop",""
"2251078","No customer group","WOLVERINE PACKING KL","4486668","Yes","Confirmed","Trailer","",="697",="","","","B466280",="1UYVS24876M805007","2006","UTILITY","TRAILER","0.00","","","","","","Yes",""," ","Customer will bring unit to the shop",""
"2251078","No customer group","WOLVERINE PACKING KL","5279380","No","Confirmed","Trailer","Reefer",="697R",="","","","",="","","","","0","","","","","","Yes",""," ","Customer will bring unit to the shop",""
"2251078","No customer group","WOLVERINE PACKING KL","4486681","Yes","Confirmed","Trailer","",="698",="","","","B466281",="1UYVS24896M805008","2006","UTILITY","TRAILER","0","","","","","","Yes",""," ","Customer will bring unit to the shop",""
"2251078","No customer group","WOLVERINE PACKING KL","5279385","No","Confirmed","Trailer","Reefer",="698R",="","","","",="","","","","0","","","","","","Yes",""," ","Customer will bring unit to the shop",""
"2251078","No customer group","WOLVERINE PACKING KL","4486647","Yes","Confirmed","Trailer","",="699",="","","","A985096",="1UYVS24837M976001","2007","UTILITY","TRAILER","0.00","","","","","","Yes",""," ","Customer will bring unit to the shop",""
"2251078","No customer group","WOLVERINE PACKING KL","5279394","No","Confirmed","Trailer","Reefer",="699R",="","","","",="","","","","0","","","","","","Yes",""," ","Customer will bring unit to the shop",""
"2251078","No customer group","WOLVERINE PACKING KL","4486656","Yes","Confirmed","Trailer","",="700",="","","","D040240",="1UYVS24857M976002","2007","UTILITY","TRAILER","0.00","","","","","","Yes",""," ","Customer will bring unit to the shop",""
"2251078","No customer group","WOLVERINE PACKING KL","5279396","No","Confirmed","Trailer","Reefer",="700R",="","","","",="","","","","0","","","","","","Yes",""," ","Customer will bring unit to the shop",""
"2251078","No customer group","WOLVERINE PACKING KL","4486706","Yes","Confirmed","Trailer","",="701",="","","","A985095",="7M976003","2007","UTILITY","TRAILER","0.00","","","","","","Yes",""," ","Customer will bring unit to the shop",""
"2251078","No customer group","WOLVERINE PACKING KL","5279405","No","Confirmed","Trailer","Reefer",="701R",="","","","",="","","","","0","","","","","","Yes",""," ","Customer will bring unit to the shop",""
"2251078","No customer group","WOLVERINE PACKING KL","4486682","Yes","Confirmed","Trailer","",="702",="","","","A985094",="1UYVS24897M976004","2007","UTILITY","TRAILER","0","","","","","","Yes",""," ","Customer will bring unit to the shop",""
"2251078","No customer group","WOLVERINE PACKING KL","5279414","No","Confirmed","Trailer","Reefer",="702R",="","","","",="","","","","0","","","","","","Yes",""," ","Customer will bring unit to the shop",""
"2251078","No customer group","WOLVERINE PACKING KL","4486624","Yes","Confirmed","Trailer","",="703",="","","","A985093",="1UYVS24807M976005","2007","UTILITY","TRAILER","0.00","","","","","","Yes",""," ","Customer will bring unit to the shop",""
"2251078","No customer group","WOLVERINE PACKING KL","5279419","No","Confirmed","Trailer","Reefer",="703R",="","","","",="","","","","0","","","","","","Yes",""," ","Customer will bring unit to the shop",""
"2251078","No customer group","WOLVERINE PACKING KL","4486639","No","Confirmed","Trailer","",="704",="","","","A985092",="1UYVS24827M976006","2007","UTILITY","TRAILER","0","","","","","","Yes",""," ","Customer will bring unit to the shop",""
"2251078","No customer group","WOLVERINE PACKING KL","5279423","No","Confirmed","Trailer","Reefer",="704R",="","","","",="","","","","0","","","","","","Yes",""," ","Customer will bring unit to the shop",""
"2251078","No customer group","WOLVERINE PACKING KL","4486698","Yes","Confirmed","Trailer","",="705",="","","","C159438",="1UYVS248X8M378201","2008","UTILITY","TRAILER","0.00","","","","","","Yes",""," ","Customer will bring unit to the shop",""
"2251078","No customer group","WOLVERINE PACKING KL","5279427","No","Confirmed","Trailer","Reefer",="705R",="","","","",="","","","","0","","","","","","Yes",""," ","Customer will bring unit to the shop",""
"2251078","No customer group","WOLVERINE PACKING KL","4486634","Yes","Confirmed","Trailer","",="706",="","","","B746564",="1UYVS24818M378202","2008","UTILITY","TRAILER","0.00","","","","","","Yes",""," ","Customer will bring unit to the shop",""
"2251078","No customer group","WOLVERINE PACKING KL","5279431","No","Confirmed","Trailer","Reefer",="706R",="","","","",="","","","","0","","","","","","Yes",""," ","Customer will bring unit to the shop",""
"2251078","No customer group","WOLVERINE PACKING KL","4486621","Yes","Confirmed","Trailer","",="707",="","","","C603751",="1UYCS24838M378203","2008","UTILITY","TRAILER","2.00","","","","","","Yes",""," ","Customer will bring unit to the shop",""
"2251078","No customer group","WOLVERINE PACKING KL","5279435","No","Confirmed","Trailer","Reefer",="707R",="","","","",="","","","","0","","","","","","Yes",""," ","Customer will bring unit to the shop",""
"2251078","No customer group","WOLVERINE PACKING KL","4486657","Yes","Confirmed","Trailer","",="708",="","","","D298690",="1UYVS24858M378204","2008","UTILITY","TRAILER","1.00","","","","","","Yes",""," ","Customer will bring unit to the shop",""
"2251078","No customer group","WOLVERINE PACKING KL","5279446","No","Confirmed","Trailer","Reefer",="708R",="","","","",="","","","","0","","","","","","Yes",""," ","Customer will bring unit to the shop",""
"2251078","No customer group","WOLVERINE PACKING KL","4486669","Yes","Confirmed","Trailer","",="709",="","","","C159424",="1UYVS24878M378205","2008","UTILITY","TRAILER","0.00","","","","","","Yes",""," ","Customer will bring unit to the shop",""
"2251078","No customer group","WOLVERINE PACKING KL","5279452","No","Confirmed","Trailer","Reefer",="709R",="","","","",="","","","","0","","","","","","Yes",""," ","Customer will bring unit to the shop",""
"2251078","No customer group","WOLVERINE PACKING KL","4486683","Yes","Confirmed","Trailer","",="710",="","","","D040239",="1UYVS24898M378206","2008","UTILITY","TRAILER","0.00","","","","","","Yes",""," ","Customer will bring unit to the shop",""
"2251078","No customer group","WOLVERINE PACKING KL","5279454","No","Confirmed","Trailer","Reefer",="710R",="","","","",="","","","","0","","","","","","Yes",""," ","Customer will bring unit to the shop",""
"2251078","No customer group","WOLVERINE PACKING KL","4486664","Yes","Confirmed","Trailer","",="711",="","","","B853836",="1UYVS24869M651801","2009","UTILITY","TRAILER","0.00","","","","","","Yes",""," ","Customer will bring unit to the shop",""
"2251078","No customer group","WOLVERINE PACKING KL","5279459","No","Confirmed","Trailer","Reefer",="711R",="","","","",="","","","","0","","","","","","Yes",""," ","Customer will bring unit to the shop",""
"2251078","No customer group","WOLVERINE PACKING KL","4486676","Yes","Confirmed","Trailer","",="712",="","","","B853835",="1UYVS24889M651802","2009","UTILITY","TRAILER","0.00","","","","","","Yes",""," ","Customer will bring unit to the shop",""
"2251078","No customer group","WOLVERINE PACKING KL","5279461","No","Confirmed","Trailer","Reefer",="712R",="","","","",="","","","","0","","","","","","Yes",""," ","Customer will bring unit to the shop",""
"2251078","No customer group","WOLVERINE PACKING KL","4486699","Yes","Confirmed","Trailer","",="713",="","","","B853834",="1UYVS248X9M651803","2009","UTILITY","TRAILER","1.00","","","","","","Yes",""," ","Customer will bring unit to the shop",""
"2251078","No customer group","WOLVERINE PACKING KL","5279467","No","Confirmed","Trailer","Reefer",="713R",="","","","",="","","","","0","","","","","","Yes",""," ","Customer will bring unit to the shop",""
"2251078","No customer group","WOLVERINE PACKING KL","4486635","Yes","Confirmed","Trailer","",="714",="","","","D040212",="1UYVS24819M651804","2009","UTILITY","TRAILER","0.00","","","","","","Yes",""," ","Customer will bring unit to the shop",""
"2251078","No customer group","WOLVERINE PACKING KL","5279471","No","Confirmed","Trailer","Reefer",="714R",="","","","",="","","","","0","","","","","","Yes",""," ","Customer will bring unit to the shop",""
"2251078","No customer group","WOLVERINE PACKING KL","4486648","Yes","Confirmed","Trailer","",="715",="","","","B853852",="1UYVS24839M651805","2009","UTILITY","TRAILER","0.00","","","","","","Yes",""," ","Customer will bring unit to the shop",""
"2251078","No customer group","WOLVERINE PACKING KL","5279473","No","Confirmed","Trailer","Reefer",="715R",="","","","",="","","","","0","","","","","","Yes",""," ","Customer will bring unit to the shop",""
"2251078","No customer group","WOLVERINE PACKING KL","4486658","Yes","Confirmed","Trailer","",="716",="","","","B853833",="1UYVS24859M651806","2009","UTILITY","TRAILER","3.00","","","","","","Yes",""," ","Customer will bring unit to the shop",""
"2251078","No customer group","WOLVERINE PACKING KL","5279477","No","Confirmed","Trailer","Reefer",="716R",="","","","",="","","","","0","","","","","","Yes",""," ","Customer will bring unit to the shop",""
"2251078","No customer group","WOLVERINE PACKING KL","4486684","Yes","Confirmed","Trailer","",="717",="","","","B990882",="1UYVS2489AM875701","2010","UTILITY","TRAILER","0.00","","","","","","Yes",""," ","Customer will bring unit to the shop",""
"2251078","No customer group","WOLVERINE PACKING KL","5279481","No","Confirmed","Trailer","Reefer",="717R",="","","","",="","","","","0","","","","","","Yes",""," ","Customer will bring unit to the shop",""
"2251078","No customer group","WOLVERINE PACKING KL","4486686","Yes","Confirmed","Trailer","",="718",="","","","C461587",="1UYVS2489AM875702","2010","UTILITY","TRAILER","0.00","","","","","","Yes",""," ","Customer will bring unit to the shop",""
"2251078","No customer group","WOLVERINE PACKING KL","5279487","No","Confirmed","Trailer","Reefer",="718R",="","","","",="","","","","0","","","","","","Yes",""," ","Customer will bring unit to the shop",""
"2251078","No customer group","WOLVERINE PACKING KL","4486640","Yes","Confirmed","Trailer","",="719",="","","","D230621",="1UYVS2482AM875703","2010","UTILITY","TRAILER","0","","","","","","Yes",""," ","Customer will bring unit to the shop",""
"2251078","No customer group","WOLVERINE PACKING KL","5279489","No","Confirmed","Trailer","Reefer",="719R",="","","","",="","","","","0","","","","","","Yes",""," ","Customer will bring unit to the shop",""
"2251078","No customer group","WOLVERINE PACKING KL","4486652","Yes","Confirmed","Trailer","",="720",="","","","D192890",="1UYVS2484AM875704","2010","UTILITY","TRAILER","0.00","","","","","","Yes",""," ","Customer will bring unit to the shop",""
"2251078","No customer group","WOLVERINE PACKING KL","5279495","No","Confirmed","Trailer","Reefer",="720R",="","","","",="","","","","0","","","","","","Yes",""," ","Customer will bring unit to the shop",""
"2251078","No customer group","WOLVERINE PACKING KL","4486665","Yes","Confirmed","Trailer","",="721",="","","","B990878",="1UYVS2486AM875705","2010","UTILITY","TRAILER","721.00","","","","","","Yes",""," ","Customer will bring unit to the shop",""
"2251078","No customer group","WOLVERINE PACKING KL","5279499","No","Confirmed","Trailer","Reefer",="721R",="","","","",="","","","","0","","","","","","Yes",""," ","Customer will bring unit to the shop",""
"2251078","No customer group","WOLVERINE PACKING KL","4486677","Yes","Confirmed","Trailer","",="722",="","","","D040213",="1UYVS2488AM875706","2010","UTILITY","TRAILER","0.00","","","","","","Yes",""," ","Customer will bring unit to the shop",""
"2251078","No customer group","WOLVERINE PACKING KL","5279502","No","Confirmed","Trailer","Reefer",="722R",="","","","",="","","","","0","","","","","","Yes",""," ","Customer will bring unit to the shop",""
"2251078","No customer group","WOLVERINE PACKING KL","4486700","Yes","Confirmed","Trailer","",="723",="","","","D298668",="1UYVS248XBM071201","2011","UTILITY","TRAILER","3.00","","","","","","Yes",""," ","Customer will bring unit to the shop",""
"2251078","No customer group","WOLVERINE PACKING KL","5279504","No","Confirmed","Trailer","Reefer",="723R",="","","","",="","","","","0","","","","","","Yes",""," ","Customer will bring unit to the shop",""
"2251078","No customer group","WOLVERINE PACKING KL","4486636","Yes","Confirmed","Trailer","",="724",="","","","C158723",="1UYVS2481BM071202","2011","UTILITY","TRAILER","0.00","","","","","","Yes",""," ","Customer will bring unit to the shop",""
"2251078","No customer group","WOLVERINE PACKING KL","5279506","No","Confirmed","Trailer","Reefer",="724R",="","","","",="","","","","0","","","","","","Yes",""," ","Customer will bring unit to the shop",""
"2251078","No customer group","WOLVERINE PACKING KL","4486649","Yes","Confirmed","Trailer","",="725",="","","","C158724",="1UYVS2483BM071203","2011","UTILITY","TRAILER","0.00","","","","","","Yes",""," ","Customer will bring unit to the shop",""
"2251078","No customer group","WOLVERINE PACKING KL","5279510","No","Confirmed","Trailer","Reefer",="725R",="","","","",="","","","","0","","","","","","Yes",""," ","Customer will bring unit to the shop",""
"2251078","No customer group","WOLVERINE PACKING KL","4486659","Yes","Confirmed","Trailer","",="726",="","","","C632497",="1UYVS2485BM071204","2011","UTILITY","TRAILER","2.00","","","","","","Yes",""," ","Customer will bring unit to the shop",""
"2251078","No customer group","WOLVERINE PACKING KL","5279517","No","Confirmed","Trailer","Reefer",="726R",="","","","",="","","","","0","","","","","","Yes",""," ","Customer will bring unit to the shop",""
"2251078","No customer group","WOLVERINE PACKING KL","4486670","Yes","Confirmed","Trailer","",="727",="","","","C158733",="1UYVS2487BM071205","2011","UTILITY","TRAILER","0","","","","","","Yes",""," ","Customer will bring unit to the shop",""
"2251078","No customer group","WOLVERINE PACKING KL","5279522","No","Confirmed","Trailer","Reefer",="727R",="","","","",="","","","","0","","","","","","Yes",""," ","Customer will bring unit to the shop",""
"2251078","No customer group","WOLVERINE PACKING KL","4486687","Yes","Confirmed","Trailer","",="728",="","","","C158732",="1UYVS2489BM071206","2011","UTILITY","TRAILER","0.00","","","","","","Yes",""," ","Customer will bring unit to the shop",""
"2251078","No customer group","WOLVERINE PACKING KL","5279526","No","Confirmed","Trailer","Reefer",="728R",="","","","",="","","","","0","","","","","","Yes",""," ","Customer will bring unit to the shop",""
"2251078","No customer group","WOLVERINE PACKING KL","4486650","No","Confirmed","Trailer","",="729",="","","","C311954",="1UYVS2483CM308001","2012","UTILITY","TRAILER","0","","","","","","No",""," ","Customer will bring unit to the shop",""
"2251078","No customer group","WOLVERINE PACKING KL","5279534","No","Confirmed","Trailer","Reefer",="729R",="","","","",="","","","","0","","","","","","Yes",""," ","Customer will bring unit to the shop",""
"2251078","No customer group","WOLVERINE PACKING KL","4486660","Yes","Confirmed","Trailer","",="730",="","","","C311955",="1UYVS2485CM308002","2012","UTILITY","TRAILER","320.00","","","","","","Yes",""," ","Customer will bring unit to the shop",""
"2251078","No customer group","WOLVERINE PACKING KL","5337482","Yes","Confirmed","Trailer","",="730159",="","2251078-3587","","",="CMAC","","TRAILER","","0","","","","","","Yes",""," ","Customer will bring unit to the shop",""
"2251078","No customer group","WOLVERINE PACKING KL","5279543","No","Confirmed","Trailer","Reefer",="730R",="","","","",="","","","","0","","","","","","Yes",""," ","Customer will bring unit to the shop",""
"2251078","No customer group","WOLVERINE PACKING KL","4486671","Yes","Confirmed","Trailer","",="731",="","","","C311956",="1UYVS2487CM308003","2012","UTILITY","TRAILER","0.00","","","","","","Yes",""," ","Customer will bring unit to the shop",""
"2251078","No customer group","WOLVERINE PACKING KL","5279550","No","Confirmed","Trailer","Reefer",="731R",="","","","",="","","","","0","","","","","","Yes",""," ","Customer will bring unit to the shop",""
"2251078","No customer group","WOLVERINE PACKING KL","4486688","Yes","Confirmed","Trailer","",="732",="","","","C311969",="1UYVS2489CM308004","2012","UTILITY","TRAILER","0.00","","","","","","Yes",""," ","Customer will bring unit to the shop",""
"2251078","No customer group","WOLVERINE PACKING KL","5279555","No","Confirmed","Trailer","Reefer",="732R",="","","","",="","","","","0","","","","","","Yes",""," ","Customer will bring unit to the shop",""
"2251078","No customer group","WOLVERINE PACKING KL","4486625","Yes","Confirmed","Trailer","",="733",="","","","C311968",="1UYVS2480CM308005","2012","UTILITY","TRAILER","0.00","","","","","","Yes",""," ","Customer will bring unit to the shop",""
"2251078","No customer group","WOLVERINE PACKING KL","5279558","No","Confirmed","Trailer","Reefer",="733R",="","","","",="","","","","0","","","","","","Yes",""," ","Customer will bring unit to the shop",""
"2251078","No customer group","WOLVERINE PACKING KL","4486641","Yes","Confirmed","Trailer","",="734",="","","","C311967",="1UYVS2482CM308006","2012","UTILITY","TRAILER","0.00","","","","","","Yes",""," ","Customer will bring unit to the shop",""
"2251078","No customer group","WOLVERINE PACKING KL","5279564","No","Confirmed","Trailer","Reefer",="734R",="","","","",="","","","","0","","","","","","Yes",""," ","Customer will bring unit to the shop",""
"2251078","No customer group","WOLVERINE PACKING KL","4486678","Yes","Confirmed","Trailer","",="735",="","","","C431585",="1UYVS2488DM529501","2013","UTILITY","TRAILER","0.00","","","","","","Yes",""," ","Customer will bring unit to the shop",""
"2251078","No customer group","WOLVERINE PACKING KL","4487054","No","Confirmed","Trailer","",="7355T",="","","","2267056",="","","","TRAILER MC VANKAMPEN","0","","","","","","No",""," ","Customer will bring unit to the shop",""
"2251078","No customer group","WOLVERINE PACKING KL","5279568","No","Confirmed","Trailer","Reefer",="735R",="","","","",="","","","","0","","","","","","Yes",""," ","Customer will bring unit to the shop",""
"2251078","No customer group","WOLVERINE PACKING KL","4486701","Yes","Confirmed","Trailer","",="736",="","","","C431571",="1UYVS248XDM529502","2013","UTILITY","TRAILER","1.00","","","","","","Yes",""," ","Customer will bring unit to the shop",""
"2251078","No customer group","WOLVERINE PACKING KL","5279572","No","Confirmed","Trailer","Reefer",="736R",="","","","",="","","","","0","","","","","","Yes",""," ","Customer will bring unit to the shop",""
"2251078","No customer group","WOLVERINE PACKING KL","4486637","Yes","Confirmed","Trailer","",="737",="","","","C461570",="1UYVS2481DM529503","2013","UTILITY","TRAILER","0.00","","","","","","Yes",""," ","Customer will bring unit to the shop",""
"2251078","No customer group","WOLVERINE PACKING KL","5279576","No","Confirmed","Trailer","Reefer",="737R",="","","","",="","","","","0","","","","","","Yes",""," ","Customer will bring unit to the shop",""
"2251078","No customer group","WOLVERINE PACKING KL","4486651","Yes","Confirmed","Trailer","",="738",="","","","C431586",="1UYVS2483DM529504","2013","UTILITY","TRAILER","0.00","","","","","","Yes",""," ","Customer will bring unit to the shop",""
"2251078","No customer group","WOLVERINE PACKING KL","5279580","No","Confirmed","Trailer","Reefer",="738R",="","","","",="","","","","0","","","","","","Yes",""," ","Customer will bring unit to the shop",""
"2251078","No customer group","WOLVERINE PACKING KL","4486661","Yes","Confirmed","Trailer","",="739",="","","","C431587",="1UYVS2485DM529505","2013","UTILITY","TRAILER","1.00","","","","","","Yes",""," ","Customer will bring unit to the shop",""
"2251078","No customer group","WOLVERINE PACKING KL","5279585","No","Confirmed","Trailer","Reefer",="739R",="","","","",="","","","","0","","","","","","Yes",""," ","Customer will bring unit to the shop",""
"2251078","No customer group","WOLVERINE PACKING KL","4486672","Yes","Confirmed","Trailer","",="740",="","","","C431569",="1UYVS2487DM529506","2013","UTILITY","TRAILER","0.00","","","","","","Yes",""," ","Customer will bring unit to the shop",""
"2251078","No customer group","WOLVERINE PACKING KL","5279591","No","Confirmed","Trailer","Reefer",="740R",="","","","",="","","","","0","","","","","","Yes",""," ","Customer will bring unit to the shop",""
"2251078","No customer group","WOLVERINE PACKING KL","4486689","Yes","Confirmed","Trailer","",="741",="","","","C623885",="1UYVS2489EM882301","2014","UTILITY","TRAILER","0.00","","","","","","Yes",""," ","Customer will bring unit to the shop",""
"2251078","No customer group","WOLVERINE PACKING KL","5279601","No","Confirmed","Trailer","Reefer",="741R",="","","","",="","","","","0","","","","","","Yes",""," ","Customer will bring unit to the shop",""
"2251078","No customer group","WOLVERINE PACKING KL","4486690","Yes","Confirmed","Trailer","",="742",="","","","C623886",="1UYVS2489EM882302","2014","UTILITY","TRAILER","0.00","","","","","","Yes",""," ","Customer will bring unit to the shop",""
"2251078","No customer group","WOLVERINE PACKING KL","5279618","No","Confirmed","Trailer","Reefer",="742R",="","","","",="","","","","0","","","","","","Yes",""," ","Customer will bring unit to the shop",""
"2251078","No customer group","WOLVERINE PACKING KL","4486691","Yes","Confirmed","Trailer","",="743",="","","","C623887",="1UYVS2489EM882303","2014","UTILITY","TRAILER","0.00","","","","","","Yes",""," ","Customer will bring unit to the shop",""
"2251078","No customer group","WOLVERINE PACKING KL","5279628","No","Confirmed","Trailer","Reefer",="743R",="","","","",="","","","","0","","","","","","Yes",""," ","Customer will bring unit to the shop",""
"2251078","No customer group","WOLVERINE PACKING KL","4486692","Yes","Confirmed","Trailer","",="744",="","","","C623890",="1UYVS2489EM882304","2014","UTILITY","TRAILER","1.00","","","","","","Yes",""," ","Customer will bring unit to the shop",""
"2251078","No customer group","WOLVERINE PACKING KL","5279635","No","Confirmed","Trailer","Reefer",="744R",="","","","",="","","","","0","","","","","","Yes",""," ","Customer will bring unit to the shop",""
"2251078","No customer group","WOLVERINE PACKING KL","4486693","Yes","Confirmed","Trailer","",="745",="","","","C623891",="1UYVS2489EM882305","2014","UTILITY","TRAILER","0.00","","","","","","Yes",""," ","Customer will bring unit to the shop",""
"2251078","No customer group","WOLVERINE PACKING KL","5279673","No","Confirmed","Trailer","Reefer",="745R",="","","","",="","","","","0","","","","","","Yes",""," ","Customer will bring unit to the shop",""
"2251078","No customer group","WOLVERINE PACKING KL","4486694","Yes","Confirmed","Trailer","",="746",="","","","C623892",="1UYVS2489EM882306","2014","UTILITY","TRAILER","0.00","","","","","","Yes",""," ","Customer will bring unit to the shop",""
"2251078","No customer group","WOLVERINE PACKING KL","5279679","No","Confirmed","Trailer","Reefer",="746R",="","","","",="","","","","0","","","","","","Yes",""," ","Customer will bring unit to the shop",""
"2251078","No customer group","WOLVERINE PACKING KL","4486695","Yes","Confirmed","Trailer","",="747",="","","","D064430",="1UYVS2489FM190301","2015","UTILITY","TRAILER","0.00","","","","","","Yes",""," ","Customer will bring unit to the shop",""
"2251078","No customer group","WOLVERINE PACKING KL","5279682","No","Confirmed","Trailer","Reefer",="747R",="","","","",="","","","","0","","","","","","Yes",""," ","Customer will bring unit to the shop",""
"2251078","No customer group","WOLVERINE PACKING KL","4486626","Yes","Confirmed","Trailer","",="748",="","","","D064431",="1UYVS2480FM190302","2015","UTILITY","TRAILER","0.00","","","","","","Yes",""," ","Customer will bring unit to the shop",""
"2251078","No customer group","WOLVERINE PACKING KL","5279687","No","Confirmed","Trailer","Reefer",="748R",="","","","",="","","","","0","","","","","","Yes",""," ","Customer will bring unit to the shop",""
"2251078","No customer group","WOLVERINE PACKING KL","4486642","Yes","Confirmed","Trailer","",="749",="","","","D064432",="1UYVS2482FM190303","2015","UTILITY","TRAILER","0.00","","","","","","Yes",""," ","Customer will bring unit to the shop",""
"2251078","No customer group","WOLVERINE PACKING KL","5279693","No","Confirmed","Trailer","Reefer",="749R",="","","","",="","","","","0","","","","","","Yes",""," ","Customer will bring unit to the shop",""
"2251078","No customer group","WOLVERINE PACKING KL","4486653","Yes","Confirmed","Trailer","",="750",="","","","D064433",="1UYVS2484FM190304","2015","UTILITY","TRAILER","0.00","","","","","","Yes",""," ","Customer will bring unit to the shop",""
"2251078","No customer group","WOLVERINE PACKING KL","5279715","No","Confirmed","Trailer","Reefer",="750R",="","","","",="","","","","0","","","","","","Yes",""," ","Customer will bring unit to the shop",""
"2251078","No customer group","WOLVERINE PACKING KL","4486666","Yes","Confirmed","Trailer","",="751",="","","","D064434",="1UYVS2486FM190305","2015","UTILITY","TRAILER","0.00","","","","","","Yes",""," ","Customer will bring unit to the shop",""
"2251078","No customer group","WOLVERINE PACKING KL","5279724","No","Confirmed","Trailer","Reefer",="751R",="","","","",="","","","","0","","","","","","Yes",""," ","Customer will bring unit to the shop",""
"2251078","No customer group","WOLVERINE PACKING KL","4486679","Yes","Confirmed","Trailer","",="752",="","","","D064435",="1UYVS2488FM190306","2015","UTILITY","TRAILER","0.00","","","","","","Yes",""," ","Customer will bring unit to the shop",""
"2251078","No customer group","WOLVERINE PACKING KL","5279731","No","Confirmed","Trailer","Reefer",="752R",="","","","",="","","","","0","","","","","","Yes",""," ","Customer will bring unit to the shop",""
"2251078","No customer group","WOLVERINE PACKING KL","4486673","Yes","Confirmed","Trailer","",="753",="","","","D297684",="1UYVS2487GM582601","","UTILITY","TRAILER","0.00","","","","","","Yes",""," ","Customer will bring unit to the shop",""
"2251078","No customer group","WOLVERINE PACKING KL","5279739","No","Confirmed","Trailer","Reefer",="753R",="","","","",="","","","","0","","","","","","Yes",""," ","Customer will bring unit to the shop",""
"2251078","No customer group","WOLVERINE PACKING KL","4486724","Yes","Confirmed","Trailer","",="754",="","","","D297865",="GM582602","2015","UTILITY TRAILER","","0.00","","","","","","Yes",""," ","Customer will bring unit to the shop",""
"2251078","No customer group","WOLVERINE PACKING KL","5279744","No","Confirmed","Trailer","Reefer",="754R",="","","","",="","","","","0","","","","","","Yes",""," ","Customer will bring unit to the shop",""
"2251078","No customer group","WOLVERINE PACKING KL","4486627","Yes","Confirmed","Trailer","",="755",="","","","D297686",="1UYVS2480GM582603","2015","UTILITY","TRAILER","0.00","","","","","","Yes",""," ","Customer will bring unit to the shop",""
"2251078","No customer group","WOLVERINE PACKING KL","5279758","No","Confirmed","Trailer","Reefer",="755R",="","","","",="","","","","0","","","","","","Yes",""," ","Customer will bring unit to the shop",""
"2251078","No customer group","WOLVERINE PACKING KL","5337231","Yes","Confirmed","Trailer","",="756",="","2251078-965","","D297687",="2754","2016","UTILITY","TRAILER","0.00","","","","","","Yes",""," ","Customer will bring unit to the shop",""
"2251078","No customer group","WOLVERINE PACKING KL","5279762","No","Confirmed","Trailer","Reefer",="756R",="","","","",="","","","","0","","","","","","Yes",""," ","Customer will bring unit to the shop",""
"2251078","No customer group","WOLVERINE PACKING KL","4486707","Yes","Confirmed","Trailer","",="757",="","","","D297688",="GM582605","","UTILITY","TRAILER","0.00","","","","","","Yes",""," ","Customer will bring unit to the shop",""
"2251078","No customer group","WOLVERINE PACKING KL","5279766","No","Confirmed","Trailer","Reefer",="757R",="","","","",="","","","","0","","","","","","Yes",""," ","Customer will bring unit to the shop",""
"2251078","No customer group","WOLVERINE PACKING KL","4486708","Yes","Confirmed","Trailer","",="758",="","2251078-946","","D297689",="","","UTILITY","TRAILER","0.00","","","","","","Yes",""," ","Customer will bring unit to the shop",""
"2251078","No customer group","WOLVERINE PACKING KL","5279768","No","Confirmed","Trailer","Reefer",="758R",="","","","",="","","","","0","","","","","","Yes",""," ","Customer will bring unit to the shop",""
"2251078","No customer group","WOLVERINE PACKING KL","4486718","Yes","Confirmed","Trailer","",="759",="","","","",="HM889001","2017","UTILITY","","0.00","","","","","","Yes",""," ","Customer will bring unit to the shop",""
"2251078","No customer group","WOLVERINE PACKING KL","5279776","No","Confirmed","Trailer","Reefer",="759R",="","","","",="","","","","0","","","","","","Yes",""," ","Customer will bring unit to the shop",""
"2251078","No customer group","WOLVERINE PACKING KL","4486719","Yes","Confirmed","Trailer","",="760",="","","","D476411",="HM889002","2017","UTILITY","","0.00","","","","","","Yes",""," ","Customer will bring unit to the shop",""
"2251078","No customer group","WOLVERINE PACKING KL","5279782","No","Confirmed","Trailer","Reefer",="760R",="","","","",="","","","","0","","","","","","Yes",""," ","Customer will bring unit to the shop",""
"2251078","No customer group","WOLVERINE PACKING KL","4486720","Yes","Confirmed","Trailer","",="761",="","","","",="HM889003","2017","UTILITY","","0.00","","","","","","Yes",""," ","Customer will bring unit to the shop",""
"2251078","No customer group","WOLVERINE PACKING KL","5279787","No","Confirmed","Trailer","Reefer",="761R",="","","","",="","","","","0","","","","","","Yes",""," ","Customer will bring unit to the shop",""
"2251078","No customer group","WOLVERINE PACKING KL","4486721","Yes","Confirmed","Trailer","",="762",="","","","D476413",="HM889004","2017","UTILITY","","0.00","","","","","","Yes",""," ","Customer will bring unit to the shop",""
"2251078","No customer group","WOLVERINE PACKING KL","5279792","No","Confirmed","Trailer","Reefer",="762R",="","","","",="","","","","0","","","","","","Yes",""," ","Customer will bring unit to the shop",""
"2251078","No customer group","WOLVERINE PACKING KL","4486722","Yes","Confirmed","Trailer","",="763",="","","","D476414",="HM889005","2017","UTILITY","","0.00","","","","","","Yes",""," ","Customer will bring unit to the shop",""
"2251078","No customer group","WOLVERINE PACKING KL","5279796","No","Confirmed","Trailer","Reefer",="763R",="","","","",="","","","","0","","","","","","Yes",""," ","Customer will bring unit to the shop",""
"2251078","No customer group","WOLVERINE PACKING KL","4486723","Yes","Confirmed","Trailer","",="764",="","","","D476415",="HM889006","2017","UTILITY","","0.00","","","","","","Yes",""," ","Customer will bring unit to the shop",""
"2251078","No customer group","WOLVERINE PACKING KL","5279805","No","Confirmed","Trailer","Reefer",="764R",="","","","",="","","","","0","","","","","","Yes",""," ","Customer will bring unit to the shop",""
"2251078","No customer group","WOLVERINE PACKING KL","4486628","Yes","Confirmed","Trailer","",="765",="","","","D648766",="1UYVS2480J6284001","","UTILITY","TRAILER","0.00","","","","","","Yes",""," ","Customer will bring unit to the shop",""
"2251078","No customer group","WOLVERINE PACKING KL","5279810","No","Confirmed","Trailer","Reefer",="765R",="","","","",="","","","","0","","","","","","Yes",""," ","Customer will bring unit to the shop",""
"2251078","No customer group","WOLVERINE PACKING KL","4486643","Yes","Confirmed","Trailer","",="766",="","","","D648767",="1UYVS2482J6284002","","UTILITY","TRAILER","5093.00","","","","","","Yes",""," ","Customer will bring unit to the shop",""
"2251078","No customer group","WOLVERINE PACKING KL","5279814","No","Confirmed","Trailer","Reefer",="766R",="","","","",="","","","","0","","","","","","Yes",""," ","Customer will bring unit to the shop",""
"2251078","No customer group","WOLVERINE PACKING KL","4486728","Yes","Confirmed","Trailer","",="767",="","","","D648768",="1UYVS2484J6284003","","UTILTY","TRAILER","0.00","","","","","","Yes",""," ","Customer will bring unit to the shop",""
"2251078","No customer group","WOLVERINE PACKING KL","5279820","No","Confirmed","Trailer","Reefer",="767R",="","","","",="","","","","0","","","","","","Yes",""," ","Customer will bring unit to the shop",""
"2251078","No customer group","WOLVERINE PACKING KL","4486667","Yes","Confirmed","Trailer","",="768",="","","","D648769",="1UYVS2486J6284004","","UTILITY","TRAILER","0.00","","","","","","Yes",""," ","Customer will bring unit to the shop",""
"2251078","No customer group","WOLVERINE PACKING KL","5279840","No","Confirmed","Trailer","Reefer",="768R",="","","","",="","","","","0","","","","","","Yes",""," ","Customer will bring unit to the shop",""
"2251078","No customer group","WOLVERINE PACKING KL","4486680","Yes","Confirmed","Trailer","",="769",="","","","D648770",="1UYVS2488J6284005","2018","Utility Trailer Manufacturer","Utility Trailer Manufacturer","0.00","","","","","","Yes",""," ","Customer will bring unit to the shop",""
"2251078","No customer group","WOLVERINE PACKING KL","5279844","No","Confirmed","Trailer","Reefer",="769R",="","","","",="","","","","0","","","","","","Yes",""," ","Customer will bring unit to the shop",""
"2251078","No customer group","WOLVERINE PACKING KL","4486702","Yes","Confirmed","Trailer","",="770",="","","","D648771",="1UYVS248XJ6284006","","UTILITY","TRAILER","0.00","","","","","","Yes",""," ","Customer will bring unit to the shop",""
"2251078","No customer group","WOLVERINE PACKING KL","5279855","No","Confirmed","Trailer","Reefer",="770R",="","","","",="","","","","0","","","","","","Yes",""," ","Customer will bring unit to the shop",""
"2251078","No customer group","WOLVERINE PACKING KL","4486662","Yes","Confirmed","Trailer","",="771",="","","","D807907",="1UYVS2485K6644901","2019","UTILITY","TRAILER","0.00","","","","","","Yes",""," ","Customer will bring unit to the shop",""
"2251078","No customer group","WOLVERINE PACKING KL","5279866","No","Confirmed","Trailer","Reefer",="771R",="","","","",="","","","","0","","","","","","Yes",""," ","Customer will bring unit to the shop",""
"2251078","No customer group","WOLVERINE PACKING KL","4486674","Yes","Confirmed","Trailer","",="772",="","","","D807906",="1UYVS2487K6644902","2019","UTILITY","TRAILER","0.00","","","","","","Yes",""," ","Customer will bring unit to the shop",""
"2251078","No customer group","WOLVERINE PACKING KL","5279871","No","Confirmed","Trailer","Reefer",="772R",="","","","",="","","","","0","","","","","","Yes",""," ","Customer will bring unit to the shop",""
"2251078","No customer group","WOLVERINE PACKING KL","4486696","Yes","Confirmed","Trailer","",="773",="","","","D807905",="1UYVS2489K6644903","2019","UTILITY","TRAILER","0.00","","","","","","Yes",""," ","Customer will bring unit to the shop",""
"2251078","No customer group","WOLVERINE PACKING KL","5279879","No","Confirmed","Trailer","Reefer",="773R",="","","","",="","","","","0","","","","","","Yes",""," ","Customer will bring unit to the shop",""
"2251078","No customer group","WOLVERINE PACKING KL","4486629","Yes","Confirmed","Trailer","",="774",="","","","D807904",="1UYVS2480K6644904","2019","UTILITY","TRAILER","0.00","","","","","","Yes",""," ","Customer will bring unit to the shop",""
"2251078","No customer group","WOLVERINE PACKING KL","5279884","No","Confirmed","Trailer","Reefer",="774R",="","","","",="","","","","0","","","","","","Yes",""," ","Customer will bring unit to the shop",""
"2251078","No customer group","WOLVERINE PACKING KL","4486644","Yes","Confirmed","Trailer","",="775",="","","","D807903",="1UYVS2482K6644905","2019","UTILITY","TRAILER","1.00","","","","","","Yes",""," ","Customer will bring unit to the shop",""
"2251078","No customer group","WOLVERINE PACKING KL","5279890","No","Confirmed","Trailer","Reefer",="775R",="","","","",="","","","","0","","","","","","Yes",""," ","Customer will bring unit to the shop",""
"2251078","No customer group","WOLVERINE PACKING KL","4486654","Yes","Confirmed","Trailer","",="776",="","","","D807902",="1UYVS2484K6644906","2019","UTILITY","TRAILER","0.00","","","","","","Yes",""," ","Customer will bring unit to the shop",""
"2251078","No customer group","WOLVERINE PACKING KL","5279895","No","Confirmed","Trailer","Reefer",="776R",="","","","",="","","","","0","","","","","","Yes",""," ","Customer will bring unit to the shop",""
"2251078","No customer group","WOLVERINE PACKING KL","5290829","Yes","Confirmed","Trailer","",="777",="","","","",="1UYVS2480L6882801","2020","Utility Trailer Manufacturer","Utility Trailer Manufacturer","0.00","","","","","","Yes",""," ","Customer will bring unit to the shop",""
"2251078","No customer group","WOLVERINE PACKING KL","5294935","No","Confirmed","Trailer","Reefer",="777R",="","","","",="","","","","0","","","","","","Yes",""," ","Customer will bring unit to the shop",""
"2251078","No customer group","WOLVERINE PACKING KL","5290798","Yes","Confirmed","Trailer","",="778",="","","","",="1UYVS2480L6882802","2020","Utility Trailer Manufacturer","Utility Trailer Manufacturer","0.00","","","","","","Yes",""," ","Customer will bring unit to the shop",""
"2251078","No customer group","WOLVERINE PACKING KL","5294939","No","Confirmed","Trailer","Reefer",="778R",="","","","",="","","","","0","","","","","","Yes",""," ","Customer will bring unit to the shop",""
"2251078","No customer group","WOLVERINE PACKING KL","5290786","Yes","Confirmed","Trailer","",="779",="","","","",="1UYVS2480L6882803","2020","Utility Trailer Manufacturer","Utility Trailer Manufacturer","0.00","","","","","","Yes",""," ","Customer will bring unit to the shop",""
"2251078","No customer group","WOLVERINE PACKING KL","5294940","No","Confirmed","Trailer","Reefer",="779R",="","","","",="","","","","0","","","","","","Yes",""," ","Customer will bring unit to the shop",""
"2251078","No customer group","WOLVERINE PACKING KL","4486630","Yes","Confirmed","Trailer","",="780",="","","","E065259",="1UYVS2480L6882804","2020","UTILITY","TRAILER","0.00","","","","","","Yes",""," ","Customer will bring unit to the shop",""
"2251078","No customer group","WOLVERINE PACKING KL","5279899","No","Confirmed","Trailer","Reefer",="780R",="","","","",="","","","","0","","","","","","Yes",""," ","Customer will bring unit to the shop",""
"2251078","No customer group","WOLVERINE PACKING KL","4486631","Yes","Confirmed","Trailer","",="781",="","","","",="1UYVS2480L6882805","2020","UTILITY","TRAILER","0.00","","","","","","Yes",""," ","Customer will bring unit to the shop",""
"2251078","No customer group","WOLVERINE PACKING KL","5279904","No","Confirmed","Trailer","Reefer",="781R",="","","","",="","","","","0","","","","","","Yes",""," ","Customer will bring unit to the shop",""
"2251078","No customer group","WOLVERINE PACKING KL","5290616","Yes","Confirmed","Trailer","",="782",="","","","",="1UYVS2480L6882806","2020","Utility Trailer Manufacturer","Utility Trailer Manufacturer","0.00","","","","","","Yes",""," ","Customer will bring unit to the shop",""
"2251078","No customer group","WOLVERINE PACKING KL","5294947","No","Confirmed","Trailer","Reefer",="782R",="","","","",="","","","","0","","","","","","Yes",""," ","Customer will bring unit to the shop",""
"2251078","No customer group","WOLVERINE PACKING KL","5014169","Yes","Confirmed","Trailer","Reefer",="783",="","","","",="1GR1A9621NE332172","2022","Great Dane Trailers","Great Dane Trailers","1.00","","","","","","Yes",""," ","Customer will bring unit to the shop",""
"2251078","No customer group","WOLVERINE PACKING KL","5337138","Yes","Confirmed","Trailer","",="784",="","2251078-3459","","E620574",="1GR1A9623NE332173","","","","0.00","","","","","","Yes",""," ","Customer will bring unit to the shop",""
"2251078","No customer group","WOLVERINE PACKING KL","5280310","No","Confirmed","Trailer","Reefer",="784R",="","","","",="","","","","0","","","","","","Yes",""," ","Customer will bring unit to the shop",""
"2251078","No customer group","WOLVERINE PACKING KL","5290460","Yes","Confirmed","Trailer","",="785",="","","","",="1GR1A9625NE332174","2022","Great Dane Trailers","Great Dane Trailers","0.00","","","","","","Yes",""," ","Customer will bring unit to the shop",""
"2251078","No customer group","WOLVERINE PACKING KL","5294951","No","Confirmed","Trailer","Reefer",="785R",="","","","",="","","","","0","","","","","","Yes",""," ","Customer will bring unit to the shop",""
"2251078","No customer group","WOLVERINE PACKING KL","4484598","Yes","Confirmed","Trailer","",="786",="","","","",="NE332175","2022","GREAT DANE","TRAILER","0.00","","","","","","Yes",""," ","Customer will bring unit to the shop",""
"2251078","No customer group","WOLVERINE PACKING KL","5279917","No","Confirmed","Trailer","Reefer",="786R",="","","","",="","","","","0","","","","","","Yes",""," ","Customer will bring unit to the shop",""
"2251078","No customer group","WOLVERINE PACKING KL","4484597","Yes","Confirmed","Trailer","",="787",="","","","",="1GR1A9629NE332176","2022","GREAT DANE","TRAILER","0.00","","","","","","Yes",""," ","Customer will bring unit to the shop",""
"2251078","No customer group","WOLVERINE PACKING KL","5280420","No","Confirmed","Trailer","Reefer",="787R",="","","","",="","","","","0","","","","","","Yes",""," ","Customer will bring unit to the shop",""
"2251078","No customer group","WOLVERINE PACKING KL","5337137","Yes","Confirmed","Trailer","",="788",="","2251078-3686","","",="1GR1A9620NE332177","","GREAT DANE","TRAILER","0.00","","","","","","Yes",""," ","Customer will bring unit to the shop",""
"2251078","No customer group","WOLVERINE PACKING KL","7489069","Yes","Confirmed","Trailer","Reefer",="789",="","","","",="1UYVS2488GM599505","2016","UTIL","VS2RA 48/162/102","0","","","","","","Yes","2535 Rivard, Detroit, MI 48207"," ","Customer will bring unit to the shop",""
"2251078","No customer group","WOLVERINE PACKING KL","7474796","Yes","Confirmed","Trailer","Reefer",="790",="","","","",="1UYVS2489H6030104","2017","UTIL","VS2RA 48/162/102","0","","","","","","Yes","2535 Rivard, Detroit, MI 48207"," ","Customer will bring unit to the shop",""
"2251078","No customer group","WOLVERINE PACKING KL","7474950","Yes","Confirmed","Trailer","Reefer",="791",="","","","PD17811",="1UYVS2480GM599501","2016","UTIL","VS2RA 48/162/102","0","","","X4 7300","RAM91426969","","Yes","2535 Rivard, Detroit, MI 48207"," ","Customer will bring unit to the shop",""
"2251078","No customer group","WOLVERINE PACKING KL","7479895","Yes","Confirmed","Trailer","Reefer",="792",="","","","PC79947",="1UYVS2487H6969610","2017","Util","VS2RA 48/162/102","0","","","","","","Yes","2535 Rivard, Detroit, MI 48207"," ","Customer will bring unit to the shop",""
"2251078","No customer group","WOLVERINE PACKING KL","7479911","Yes","Confirmed","Trailer","",="793",="","","","2558335",="1UYVS2484GM599503","2016","UTIL","VS2RA 48/162/102","0","","","","","","Yes","2535 Rivard, Detroit, MI 48207"," ","Customer will bring unit to the shop",""
"2251078","No customer group","WOLVERINE PACKING KL","7480566","Yes","Confirmed","Trailer","Reefer",="794",="","","","pd18095",="1UYVS2487H6969607","2017","UTIL","VS2RA 48/162/102","0","","","","","","Yes","2535 Rivard, Detroit, MI 48207"," ","Customer will bring unit to the shop",""
"2251078","No customer group","WOLVERINE PACKING KL","7474749","Yes","Confirmed","Trailer","Reefer",="795",="","","","2558233",="1UYVS2487GM591105","2016","UTIL","VS2RA 48/162/102","0","","","","","","Yes","2535 Rivard, Detroit, MI 48207"," ","Customer will bring unit to the shop",""
"2251078","No customer group","WOLVERINE PACKING KL","7476650","Yes","Confirmed","Trailer","Reefer",="796",="","","","2558232",="1UYVS2485GM591104","2016","UTIL","VS2RA 48/162/102","0","","","","","","Yes","2535 Rivard, Detroit, MI 48207"," ","Customer will bring unit to the shop",""
"2251078","No customer group","WOLVERINE PACKING KL","7739914","Yes","Confirmed","Trailer","Reefer",="797",="","","","",="1UYVS2486GM599504","2016","Utility Trailer Manufacturer","Utility Trailer Manufacturer","0","","","","","","Yes","2535 Rivard, Detroit, MI 48207"," ","Customer will bring unit to the shop",""
"2251078","No customer group","WOLVERINE PACKING KL","4485012","Yes","Confirmed","Truck","",="924",="","","","BA49599",="1HSHBPCN8PH484354","1993","INTERNATIONAL","HYDE TRUCK","236560.00","","","International DT466 N/A 6 CYL","","","Yes",""," ","Customer will bring unit to the shop",""
"2251078","No customer group","WOLVERINE PACKING KL","4484984","No","Confirmed","Equipment","",="925",="","","","AB50840",="1HSHBPCNXPH484355","1993","INTERNATIONAL","HIDE TRUCK","0","","","International DT466 N/A 6 CYL","","","No",""," ","Customer will bring unit to the shop",""
"2251078","No customer group","WOLVERINE PACKING KL","4484983","Yes","Confirmed","Equipment","",="991",="","","","BA82975",="1HSHBADR5XH679505","1999","INTERNATIONAL","HIDE TRUCK","124240.00","","","International DT530E Diamond Logic Controller 6 CYL","","","Yes",""," ","",""
"2251078","No customer group","WOLVERINE PACKING KL","8020522","Yes","Confirmed","Trailer","",="ST796",="","","","",="","","","","0.00","","","","","","Yes","2535 Rivard, Detroit, MI 48207"," ","Customer will bring unit to the shop",""
"2251078","No customer group","WOLVERINE PACKING KL","5331145","Yes","Confirmed","Trailer","",="WOLV TIRE STORAGE",="","","","",="","","","","0.00","","","","","","Yes",""," ","Customer will bring unit to the shop",""
"2251078","No customer group","WOLVERINE PACKING KL","5337697","Yes","Confirmed","Trailer","",="YARD CHECK",="","2251078-1133","","",="YARD CHECK","","","","6.00","","","","","","Yes",""," ","Customer will bring unit to the shop",""
